final_value,pnl,pnl_percent,max_drawdown_percent,total_trades,percent_profitable,profit_factor
106397.04620361328,6397.046203613281,6.397046203613281,1.9995207317642423,13,61.53846153846154,5.5015381332447
